Workbook

Sheet 1. По сортаменту
A1: ТАБЛИЦА 1. ВЕС МЕТАЛЛА ПО СОРТАМЕНТУ
A2: ДП-13/26-КМ, ред. 2026.09.25 · лист 2 «Спецификация основных элементов металлопроката» · массы в тоннах
A4: № | B4: Профиль | C4: ГОСТ / ТУ | D4: Сталь | E4: Масса, т | F4: Доля
B5: Двутавры | C5: ГОСТ Р 57837-2017 | E5: =SUM(E6:E12) | F5: =E5/$E$34
A6: 1 | B6: I 50Ш5 | C6: ГОСТ Р 57837-2017 | D6: С255 | E6: 33.458 | F6: =E6/$E$34
A7: 2 | B7: I 40Ш1 | C7: ГОСТ Р 57837-2017 | D7: С255 | E7: 4.465 | F7: =E7/$E$34
A8: 3 | B8: I 30Ш1 | C8: ГОСТ Р 57837-2017 | D8: С255 | E8: 0.841 | F8: =E8/$E$34
A9: 4 | B9: I 30К1 | C9: ГОСТ Р 57837-2017 | D9: С255 | E9: 1.67 | F9: =E9/$E$34
A10: 5 | B10: I 25Б2 | C10: ГОСТ Р 57837-2017 | D10: С255 | E10: 1.053 | F10: =E10/$E$34
A11: 6 | B11: I 25Б1 | C11: ГОСТ Р 57837-2017 | D11: С255 | E11: 2.801 | F11: =E11/$E$34
A12: 7 | B12: I 16Б1 | C12: ГОСТ Р 57837-2017 | D12: С255 | E12: 0.825 | F12: =E12/$E$34
B13: Гнутые замкнутые профили | C13: ГОСТ 30245-2003 | E13: =SUM(E14:E15) | F13: =E13/$E$34
A14: 8 | B14: Тр.□180×7 | C14: ГОСТ 30245-2003 | D14: С255 | E14: 3.061 | F14: =E14/$E$34
A15: 9 | B15: Тр.□100×5 | C15: ГОСТ 30245-2003 | D15: С255 | E15: 3.615 | F15: =E15/$E$34
B16: Швеллеры | C16: ГОСТ 8240-97 | E16: =SUM(E17:E19) | F16: =E16/$E$34
A17: 10 | B17: [ 33П | C17: ГОСТ 8240-97 | D17: С255 | E17: 0.621 | F17: =E17/$E$34
A18: 11 | B18: [ 27П | C18: ГОСТ 8240-97 | D18: С255 | E18: 0.253 | F18: =E18/$E$34
A19: 12 | B19: [ 24П | C19: ГОСТ 8240-97 | D19: С255 | E19: 5.752 | F19: =E19/$E$34
B20: Листовой прокат | C20: ГОСТ 19903-2015 | E20: =SUM(E21:E27) | F20: =E20/$E$34
A21: 13 | B21: – 30 | C21: ГОСТ 19903-2015 | D21: С255 | E21: 0.104 | F21: =E21/$E$34
A22: 14 | B22: – 20 | C22: ГОСТ 19903-2015 | D22: С255 | E22: 1.537 | F22: =E22/$E$34
A23: 15 | B23: – 16 | C23: ГОСТ 19903-2015 | D23: С255 | E23: 0.067 | F23: =E23/$E$34
A24: 16 | B24: – 12 | C24: ГОСТ 19903-2015 | D24: С255 | E24: 1.563 | F24: =E24/$E$34
A25: 17 | B25: – 10 | C25: ГОСТ 19903-2015 | D25: С255 | E25: 1.876 | F25: =E25/$E$34
A26: 18 | B26: – 8 | C26: ГОСТ 19903-2015 | D26: С255 | E26: 0.711 | F26: =E26/$E$34
A27: 19 | B27: – 4 | C27: ГОСТ 19903-2015 | D27: С255 | E27: 0.048 | F27: =E27/$E$34
B28: Просечно-вытяжной лист | C28: ТУ 36.26.11-5-89 | E28: =SUM(E29:E29) | F28: =E28/$E$34
A29: 20 | B29: ПВЛ506 | C29: ТУ 36.26.11-5-89 | D29: — | E29: 2.763 | F29: =E29/$E$34
B30: Уголки | C30: ГОСТ 8509-93 | E30: =SUM(E31:E33) | F30: =E30/$E$34
A31: 21 | B31: L 125×8 | C31: ГОСТ 8509-93 | D31: С255 | E31: 0.094 | F31: =E31/$E$34
A32: 22 | B32: L 100×7 | C32: ГОСТ 8509-93 | D32: С255 | E32: 0.047 | F32: =E32/$E$34
A33: 23 | B33: L 75×6 | C33: ГОСТ 8509-93 | D33: С255 | E33: 0.529 | F33: =E33/$E$34
B34: ВСЕГО масса металла | E34: =E5+E13+E16+E20+E28+E30 | F34: =E34/$E$34
B35: с учётом наплавляемого металла 1 % | E35: =E34*1.01 | F35: =E35/$E$34
B36: с учётом на разработку КМД 3 % | E36: =E35*1.03 | F36: =E36/$E$34

Sheet 2. По использованию
A1: ТАБЛИЦА 2. ВЕС МЕТАЛЛА ПО ИСПОЛЬЗОВАНИЮ
A2: ДП-13/26-КМ, ред. 2026.09.25 · лист 2 «Спецификация основных элементов металлопроката» · массы в тоннах
A4: № | B4: Назначение | C4: Масса, т | D4: Доля | E4: Основной сортамент
A5: 1 | B5: Колонны | C5: 42.18 | D5: =C5/$C$13 | E5: I 50Ш5 — 33,458, Тр.□180×7 — 3,061, I 30К1 — 1,670, – 12 — 1,543, – 20 — 1,308, – 10 — 0,805, – 30 — 0,104, L 125×8 — 0,094, – 16 — 0,067, L 100×7 — 0,047, – 8 — 0,023
A6: 2 | B6: Балки +3.000 | C6: 2.265 | D6: =C6/$C$13 | E6: [ 24П — 1,072, ПВЛ506 — 0,656, [ 27П — 0,253, L 75×6 — 0,230, – 10 — 0,054
A7: 3 | B7: Балки +6.000 | C7: 4.862 | D7: =C7/$C$13 | E7: I 25Б2 — 1,053, ПВЛ506 — 0,959, I 30Ш1 — 0,841, I 25Б1 — 0,694, [ 33П — 0,621, I 16Б1 — 0,419, – 10 — 0,150, L 75×6 — 0,125
A8: 4 | B8: Балки +9.000 | C8: 4.487 | D8: =C8/$C$13 | E8: I 25Б1 — 2,107, ПВЛ506 — 1,148, [ 24П — 0,528, I 16Б1 — 0,406, L 75×6 — 0,169, – 10 — 0,129
A9: 5 | B9: Балки покрытия | C9: 5.129 | D9: =C9/$C$13 | E9: I 40Ш1 — 4,465, – 10 — 0,410, – 20 — 0,229, – 12 — 0,020, L 75×6 — 0,005
A10: 6 | B10: Прогоны | C10: 4.782 | D10: =C10/$C$13 | E10: [ 24П — 4,152, – 8 — 0,360, – 10 — 0,270
A11: 7 | B11: Связи вертикальные | C11: 3.028 | D11: =C11/$C$13 | E11: Тр.□100×5 — 2,799, – 8 — 0,186, – 10 — 0,039, – 4 — 0,004
A12: 8 | B12: Связи горизонтальные | C12: 1.021 | D12: =C12/$C$13 | E12: Тр.□100×5 — 0,816, – 8 — 0,142, – 4 — 0,044, – 10 — 0,019
B13: ВСЕГО масса металла | C13: =SUM(C5:C12) | D13: =C13/$C$13
B14: с учётом наплавляемого металла 1 % | C14: =C13*1.01
B15: с учётом на разработку КМД 3 % | C15: =C14*1.03

Sheet 3. Матрица
A1: СОРТАМЕНТ × ИСПОЛЬЗОВАНИЕ
A2: ДП-13/26-КМ, ред. 2026.09.25 · лист 2 «Спецификация основных элементов металлопроката» · массы в тоннах
A4: Профиль | B4: Колонны | C4: Балки +3.000 | D4: Балки +6.000 | E4: Балки +9.000 | F4: Балки покрытия | G4: Прогоны | H4: Связи вертикальные | I4: Связи горизонтальные | J4: Всего
A5: Двутавры — ГОСТ Р 57837-2017
A6: I 50Ш5 | B6: 33.458 | J6: =SUM(B6:I6)
A7: I 40Ш1 | F7: 4.465 | J7: =SUM(B7:I7)
A8: I 30Ш1 | D8: 0.841 | J8: =SUM(B8:I8)
A9: I 30К1 | B9: 1.67 | J9: =SUM(B9:I9)
A10: I 25Б2 | D10: 1.053 | J10: =SUM(B10:I10)
A11: I 25Б1 | D11: 0.694 | E11: 2.107 | J11: =SUM(B11:I11)
A12: I 16Б1 | D12: 0.419 | E12: 0.406 | J12: =SUM(B12:I12)
A13: Гнутые замкнутые профили — ГОСТ 30245-2003
A14: Тр.□180×7 | B14: 3.061 | J14: =SUM(B14:I14)
A15: Тр.□100×5 | H15: 2.799 | I15: 0.816 | J15: =SUM(B15:I15)
A16: Швеллеры — ГОСТ 8240-97
A17: [ 33П | D17: 0.621 | J17: =SUM(B17:I17)
A18: [ 27П | C18: 0.253 | J18: =SUM(B18:I18)
A19: [ 24П | C19: 1.072 | E19: 0.528 | G19: 4.152 | J19: =SUM(B19:I19)
A20: Листовой прокат — ГОСТ 19903-2015
A21: – 30 | B21: 0.104 | J21: =SUM(B21:I21)
A22: – 20 | B22: 1.308 | F22: 0.229 | J22: =SUM(B22:I22)
A23: – 16 | B23: 0.067 | J23: =SUM(B23:I23)
A24: – 12 | B24: 1.543 | F24: 0.02 | J24: =SUM(B24:I24)
A25: – 10 | B25: 0.805 | C25: 0.054 | D25: 0.15 | E25: 0.129 | F25: 0.41 | G25: 0.27 | H25: 0.039 | I25: 0.019 | J25: =SUM(B25:I25)
A26: – 8 | B26: 0.023 | G26: 0.36 | H26: 0.186 | I26: 0.142 | J26: =SUM(B26:I26)
A27: – 4 | H27: 0.004 | I27: 0.044 | J27: =SUM(B27:I27)
A28: Просечно-вытяжной лист — ТУ 36.26.11-5-89
A29: ПВЛ506 | C29: 0.656 | D29: 0.959 | E29: 1.148 | J29: =SUM(B29:I29)
A30: Уголки — ГОСТ 8509-93
A31: L 125×8 | B31: 0.094 | J31: =SUM(B31:I31)
A32: L 100×7 | B32: 0.047 | J32: =SUM(B32:I32)
A33: L 75×6 | C33: 0.23 | D33: 0.125 | E33: 0.169 | F33: 0.005 | J33: =SUM(B33:I33)
A34: ИТОГО | B34: =SUM(B6:B12)+SUM(B14:B15)+SUM(B17:B19)+SUM(B21:B27)+SUM(B29:B29)+SUM(B31:B33) | C34: =SUM(C6:C12)+SUM(C14:C15)+SUM(C17:C19)+SUM(C21:C27)+SUM(C29:C29)+SUM(C31:C33) | D34: =SUM(D6:D12)+SUM(D14:D15)+SUM(D17:D19)+SUM(D21:D27)+SUM(D29:D29)+SUM(D31:D33) | E34: =SUM(E6:E12)+SUM(E14:E15)+SUM(E17:E19)+SUM(E21:E27)+SUM(E29:E29)+SUM(E31:E33) | F34: =SUM(F6:F12)+SUM(F14:F15)+SUM(F17:F19)+SUM(F21:F27)+SUM(F29:F29)+SUM(F31:F33) | G34: =SUM(G6:G12)+SUM(G14:G15)+SUM(G17:G19)+SUM(G21:G27)+SUM(G29:G29)+SUM(G31:G33) | H34: =SUM(H6:H12)+SUM(H14:H15)+SUM(H17:H19)+SUM(H21:H27)+SUM(H29:H29)+SUM(H31:H33) | I34: =SUM(I6:I12)+SUM(I14:I15)+SUM(I17:I19)+SUM(I21:I27)+SUM(I29:I29)+SUM(I31:I33) | J34: =SUM(J6:J12)+SUM(J14:J15)+SUM(J17:J19)+SUM(J21:J27)+SUM(J29:J29)+SUM(J31:J33)

Sheet 4. Контроль
A1: СВЕРКА С ЧЕРТЕЖОМ (лист 2)
A3: Позиция | B3: Расчёт, т | C3: Чертёж, т | D3: Δ, т
A4: Двутавры | B4: ='1. По сортаменту'!E5 | C4: 45.113 | D4: =B4-C4
A5: Гнутые замкнутые профили | B5: ='1. По сортаменту'!E13 | C5: 6.676 | D5: =B5-C5
A6: Швеллеры | B6: ='1. По сортаменту'!E16 | C6: 6.626 | D6: =B6-C6
A7: Листовой прокат | B7: ='1. По сортаменту'!E20 | C7: 5.906 | D7: =B7-C7
A8: Просечно-вытяжной лист | B8: ='1. По сортаменту'!E28 | C8: 2.763 | D8: =B8-C8
A9: Уголки | B9: ='1. По сортаменту'!E30 | C9: 0.67 | D9: =B9-C9
A10: ВСЕГО масса металла | B10: ='1. По сортаменту'!E34 | C10: 67.754 | D10: =B10-C10
A11: с учётом 1 % | B11: ='1. По сортаменту'!E35 | C11: 68.432 | D11: =B11-C11
A12: с учётом 3 % КМД | B12: ='1. По сортаменту'!E36 | C12: 70.484 | D12: =B12-C12
A13: Сумма по использованию | B13: ='2. По использованию'!C13 | C13: 67.754 | D13: =B13-C13
A14: Сумма по матрице | B14: ='3. Матрица'!J34 | C14: 67.754 | D14: =B14-C14
A16: Δ = 0,000 по всем строкам. Надбавки 1 % и 3 % начислены на неокруглённые величины.
