Workbook

Sheet Сортамент
A1: Погонные массы проката (редактируемые — пересчитывают всю ведомость)
A3: Профиль | B3: Нормативный документ | C3: Масса 1 м (1 м²), кг | D3: Примечание
A4: I50Ш5 | B4: ГОСТ Р 57837-2017 | C4: 175 | D4: УТОЧНИТЬ по действующему сортаменту — определяющая позиция
A5: I40Ш1 | B5: ГОСТ Р 57837-2017 | C5: 92.9
A6: I30Ш1 | B6: ГОСТ Р 57837-2017 | C6: 53.6
A7: I30К1 | B7: ГОСТ Р 57837-2017 | C7: 84.8
A8: I25Б1 | B8: ГОСТ Р 57837-2017 | C8: 25.7
A9: I25Б2 | B9: ГОСТ Р 57837-2017 | C9: 29.6
A10: I16Б1 | B10: ГОСТ Р 57837-2017 | C10: 15.9
A11: 24П | B11: ГОСТ 8240-97 | C11: 24
A12: 27П | B12: ГОСТ 8240-97 | C12: 27.7
A13: 33П | B13: ГОСТ 8240-97 | C13: 36.5
A14: Тр.□180х6 | B14: ГОСТ 30245-2003 | C14: 31.52
A15: Тр.□100х5 | B15: ГОСТ 30245-2003 | C15: 14.26
A16: L75х6 | B16: ГОСТ 8509-93 | C16: 6.89
A17: ПВЛ506 | B17: ТУ 36-26.11-5-89 | C17: 19.5 | D17: кг/м² настила

Sheet Ведомость
A1: ВЕДОМОСТЬ РАСХОДА СТАЛИ — ДП-13/26-КМ
A2: Здание пристроя для техустановки 3-й линии производства строительного гипса, р.п. Новоспасское
A4: Уровень / группа | B4: Марка | C4: Профиль | D4: Кол-во, шт. | E4: Длина одного, м | F4: Всего длина, м | G4: Масса 1 м, кг | H4: Масса, кг | I4: Примечание
A5: Каркас — колонны и связи
A6: Каркас | B6: К1 | C6: I50Ш5 | D6: 11 | E6: 13,55/14,18/15,15 | F6: 158.31 | G6: =IFERROR(VLOOKUP("I50Ш5",Сортамент!$A$4:$C$17,3,FALSE),0) | H6: =ROUND(F6*G6,0) | I6: 4×13,55 (ряд В1) + 2×14,18 (Б1) + 5×15,15 (А1); от −0,550
A7: Каркас | B7: К2 | C7: Тр.□180х6 | D7: 3 | E7: 13,84 | F7: 41.52 | G7: =IFERROR(VLOOKUP("Тр.□180х6",Сортамент!$A$4:$C$17,3,FALSE),0) | H7: =ROUND(F7*G7,0) | I7: 2 шт. в узле 4 (3/1×Б1) + 1 шт. 6/1 × промеж. ряд
A8: Каркас | B8: К3 | C8: I30К1 | D8: 2 | E8: 9,55 | F8: 19.1 | G8: =IFERROR(VLOOKUP("I30К1",Сортамент!$A$4:$C$17,3,FALSE),0) | H8: =ROUND(F8*G8,0) | I8: 4/1 и 5/1 промеж. ряда, до отм. +9,000
A9: Каркас | B9: К4 | C9: Тр.□180х6 | D9: 5 | E9: 6,55 / 9,55 | F9: 35.75 | G9: =IFERROR(VLOOKUP("Тр.□180х6",Сортамент!$A$4:$C$17,3,FALSE),0) | H9: =ROUND(F9*G9,0) | I9: 4 шт. в левом блоке (высота принята) + 1 шт. на x≈22050
A10: Каркас | B10: ВС1 | C10: Тр.□100х5 | D10: 16 | E10: 4,77…10,33 | F10: 114.6 | G10: =IFERROR(VLOOKUP("Тр.□100х5",Сортамент!$A$4:$C$17,3,FALSE),0) | H10: =ROUND(F10*G10,0) | I10: верт. связи: разрез 1-1 (2 панели), 2-2 (2), 3-3 (4)
A11: Каркас | B11: ГС1 | C11: Тр.□100х5 | D11: 12 | E11: 3,78…4,29 | F11: 49 | G11: =IFERROR(VLOOKUP("Тр.□100х5",Сортамент!$A$4:$C$17,3,FALSE),0) | H11: =ROUND(F11*G11,0) | I11: гориз. связи покрытия: 1/1-2/1, 3/1-4/1, 5/1-6/1
A12: Каркас | B12: Р1 | C12: Тр.□100х5 | D12: 10 | E12: 2,60…6,15 | F12: 69 | G12: =IFERROR(VLOOKUP("Тр.□100х5",Сортамент!$A$4:$C$17,3,FALSE),0) | H12: =ROUND(F12*G12,0) | I12: ПРОФИЛЬ НЕ УКАЗАН в ведомости элементов — принят условно
A13: Перекрытие отм. +3,000 (лист 3)
A14: +3.000 | B14: Бп1.1 | C14: 24П | D14: 10 | E14: 4,03…4,97 | F14: 45.1 | G14: =IFERROR(VLOOKUP("24П",Сортамент!$A$4:$C$17,3,FALSE),0) | H14: =ROUND(F14*G14,0) | I14: 2 балки по краю + 7 прогонов + 1 по оси 4/1
A15: +3.000 | B15: Бп1.2 | C15: 27П | D15: 1 | E15: 9,19 | F15: 9.19 | G15: =IFERROR(VLOOKUP("27П",Сортамент!$A$4:$C$17,3,FALSE),0) | H15: =ROUND(F15*G15,0) | I15: по оси А1, 2/1–4/1
A16: +3.000 | B16: а | C16: L75х6 | D16: 24 | E16: 1,31 | F16: 31.32 | G16: =IFERROR(VLOOKUP("L75х6",Сортамент!$A$4:$C$17,3,FALSE),0) | H16: =ROUND(F16*G16,0) | I16: сетка 4 ряда × 6 шт.
A17: Перекрытие отм. +6,000 (лист 4)
A18: +6.000 | B18: Бп2.1 | C18: I25Б1 | D18: 5 | E18: 2,60…4,40 | F18: 21.41 | G18: =IFERROR(VLOOKUP("I25Б1",Сортамент!$A$4:$C$17,3,FALSE),0) | H18: =ROUND(F18*G18,0) | I18: по В1 (4/1-6/1), по 4/1 и 6/1, по А1 (5/1-6/1)
A19: +6.000 | B19: Бп2.2 | C19: I30Ш1 | D19: 4 | E19: 3,70 / 3,71 | F19: 14.82 | G19: =IFERROR(VLOOKUP("I30Ш1",Сортамент!$A$4:$C$17,3,FALSE),0) | H19: =ROUND(F19*G19,0) | I19: промеж. ряд и ось А1 (4/1-5/1), стойки 4/1 и 5/1
A20: +6.000 | B20: Бп2.3 | C20: I25Б2 | D20: 6 | E20: 4,57…9,19 | F20: 36.78 | G20: =IFERROR(VLOOKUP("I25Б2",Сортамент!$A$4:$C$17,3,FALSE),0) | H20: =ROUND(F20*G20,0) | I20: 3 продольные (2/1-4/1) + 2 поперечные
A21: +6.000 | B21: Бп2.4 | C21: I16Б1 | D21: 11 | E21: 2,60 / 3,70 | F21: 33 | G21: =IFERROR(VLOOKUP("I16Б1",Сортамент!$A$4:$C$17,3,FALSE),0) | H21: =ROUND(F21*G21,0) | I21: 8 шт. верхняя зона + 3 шт. нижняя зона
A22: +6.000 | B22: Бп4.1 | C22: 33П | D22: 2 | E22: 8,39 | F22: 16.78 | G22: =IFERROR(VLOOKUP("33П",Сортамент!$A$4:$C$17,3,FALSE),0) | H22: =ROUND(F22*G22,0) | I22: главные балки 2/1 – x≈26230
A23: +6.000 | B23: Б2 | C23: I40Ш1 | D23: 2 | E23: 4,40 / 2,60 | F23: 7 | G23: =IFERROR(VLOOKUP("I40Ш1",Сортамент!$A$4:$C$17,3,FALSE),0) | H23: =ROUND(F23*G23,0) | I23: стойка по 5/1 и балка промеж. ряда 5/1-6/1
A24: +6.000 | B24: а | C24: L75х6 | D24: 13 | E24: 0,73 / 1,56 | F24: 16.96 | G24: =IFERROR(VLOOKUP("L75х6",Сортамент!$A$4:$C$17,3,FALSE),0) | H24: =ROUND(F24*G24,0) | I24: 9 шт. × 1,56 + 4 шт. × 0,73
A25: Перекрытие отм. +9,000 (лист 5)
A26: +9.000 | B26: Бп3.1 | C26: I25Б1 | D26: 24 | E26: 1,11…4,64 | F26: 64.99 | G26: =IFERROR(VLOOKUP("I25Б1",Сортамент!$A$4:$C$17,3,FALSE),0) | H26: =ROUND(F26*G26,0) | I26: основные балки правого блока + стойки по 4/1, 5/1, 6/1
A27: +9.000 | B27: Бп3.2 | C27: 24П | D27: 5 | E27: 4,57…9,19 | F27: 31.23 | G27: =IFERROR(VLOOKUP("24П",Сортамент!$A$4:$C$17,3,FALSE),0) | H27: =ROUND(F27*G27,0) | I27: балки левой площадки и по оси А1
A28: +9.000 | B28: Бп3.3 | C28: I16Б1 | D28: 13 | E28: 1,06…3,71 | F28: 31.62 | G28: =IFERROR(VLOOKUP("I16Б1",Сортамент!$A$4:$C$17,3,FALSE),0) | H28: =ROUND(F28*G28,0) | I28: второстепенные балки правого блока
A29: +9.000 | B29: Б3 | C29: I40Ш1 | D29: 1 | E29: 9,19 | F29: 9.19 | G29: =IFERROR(VLOOKUP("I40Ш1",Сортамент!$A$4:$C$17,3,FALSE),0) | H29: =ROUND(F29*G29,0) | I29: ПРОФИЛЬ НЕ УКАЗАН в ведомости элементов — принят условно
A30: +9.000 | B30: а | C30: L75х6 | D30: 22 | E30: 0,37 / 0,73 / 1,77 | F30: 22.13 | G30: =IFERROR(VLOOKUP("L75х6",Сортамент!$A$4:$C$17,3,FALSE),0) | H30: =ROUND(F30*G30,0) | I30: 9+9 шт. в левой площадке + 4 шт. у оси 4/1
A31: Покрытие (лист 6)
A32: Покрытие | B32: Пр1 | C32: 24П | D32: 9 | E32: 9,56 / 22,00 | F32: 173.12 | G32: =IFERROR(VLOOKUP("24П",Сортамент!$A$4:$C$17,3,FALSE),0) | H32: =ROUND(F32*G32,0) | I32: 9 рядов прогонов: 2 ряда 3/1-6/1 + 7 рядов 1/1-6/1
A33: Покрытие | B33: Б1 | C33: I40Ш1 | D33: 6 | E33: 4,64…7,78 | F33: 39.98 | G33: =IFERROR(VLOOKUP("I40Ш1",Сортамент!$A$4:$C$17,3,FALSE),0) | H33: =ROUND(F33*G33,0) | I33: балки покрытия по осям 1/1…6/1
A34: Покрытие | B34: Б2 | C34: I40Ш1 | D34: 1 | E34: 9,18 | F34: 9.18 | G34: =IFERROR(VLOOKUP("I40Ш1",Сортамент!$A$4:$C$17,3,FALSE),0) | H34: =ROUND(F34*G34,0) | I34: балка покрытия по оси А1, 2/1–4/1
A35: ИТОГО прокат | F35: =ROUND(SUM(F6:F34),2) | H35: =ROUND(SUM(H6:H34),0)

Sheet Настил и листы
A1: Настил ПВЛ506 (Ст3сп, ТУ 36-26.11-5-89) и листовая сталь баз колонн
A3: Марка | B3: Отметка | C3: Площадь, м² | D3: Масса 1 м², кг | E3: Масса, кг | F3: Примечание
A4: Н1 | B4: +3,000 | C4: 39.4 | D4: =IFERROR(VLOOKUP("ПВЛ506",Сортамент!$A$4:$C$17,3,FALSE),0) | E4: =ROUND(C4*D4,0) | F4: (6090+2305)×4695 — по размерам листа 3
A5: Н2 | B5: +6,000 | C5: 56.9 | D5: =IFERROR(VLOOKUP("ПВЛ506",Сортамент!$A$4:$C$17,3,FALSE),0) | E5: =ROUND(C5*D5,0) | F5: 8305×1695 + правый блок за вычетом проёма 3610×3655
A6: Н3 | B6: +9,000 | C6: 67.5 | D6: =IFERROR(VLOOKUP("ПВЛ506",Сортамент!$A$4:$C$17,3,FALSE),0) | E6: =ROUND(C6*D6,0) | F6: 6300×8155 за вычетом проёмов + левая площадка
A7: ИТОГО настил | C7: =SUM(C4:C6) | E7: =SUM(E4:E6)
A10: Базы колонн (узлы 1–5, лист 8)
A11: Узел | B11: Колонна | C11: Опорная плита | D11: Рёбра / шайбы | E11: Кол-во | F11: Масса, кг
A12: 1 / 2 | B12: К1 | C12: −20 665×740 / 665×820 | D12: −12 740(820)×250 ×2; −12 170×250 ×2; −16 80×80 ×4 | E12: 11 | F12: 1419
A13: 3 | B13: К2, К4 | C13: −20 420×420 | D13: −12 120×200 ×4; −16 80×80 ×4 | E13: 6 | F13: 240
A14: 4 | B14: К2 (2 шт. на плите) | C14: −20 750×750 | D14: −12 120×200 ×8; −16 80×80 ×4 | E14: 1 | F14: 110
A15: 5 | B15: К3 | C15: −20 700×700 | D15: −12 700×250 ×2; −12 190×250 ×2; −16 80×80 ×4 | E15: 2 | F15: 244
A16: ИТОГО базы | F16: =SUM(F12:F15)

Sheet ИТОГО
A1: СВОДКА ПО РАЗДЕЛУ КМ (ДП-13/26-КМ)
A3: Позиция | B3: Масса, кг | C3: Масса, т
A4: Прокат (колонны, балки, прогоны, связи) | B4: =Ведомость!H35 | C4: =ROUND(B4/1000,2)
A5: Базы колонн (листовая сталь −12/−16/−20) | B5: ='Настил и листы'!F16 | C5: =ROUND(B5/1000,2)
A6: Фасонки, накладки, опорные столики, рёбра — 4 % от проката | B6: =ROUND(0.04*Ведомость!H35,0) | C6: =ROUND(B6/1000,2)
A7: Настил ПВЛ506 | B7: ='Настил и листы'!E7 | C7: =ROUND(B7/1000,2)
A8: ВСЕГО металлоконструкций | B8: =SUM(B4:B7) | C8: =ROUND(B8/1000,2)
A10: в т.ч. сталь С255-4 | C10: =ROUND((B4+B5+B6)/1000,2)
A11: в т.ч. Ст3сп (настил) | C11: =ROUND(B7/1000,2)
A13: ЗАМЕЧАНИЯ К ЧЕРТЕЖАМ:
A14: 1. Марка Б3 (балка по Б1 на отм.+9,000, 9,19 м) отсутствует в «Ведомости элементов» листа 2 — принят I40Ш1 условно.
A15: 2. Марка Р1 (распорки в плоскостях связей, ≈69 м) отсутствует в «Ведомости элементов» — принята Тр.□100х5 условно.
A16: 3. Высота 4 шт. колонн К4 в левом блоке по листам 2–7 не определяется — принята 6,55 м (от −0,550 до +6,000).
A17: 4. Погонная масса I50Ш5 (более половины тоннажа) принята 175 кг/м — сверить с действующим сортаментом до заказа.
A18: 5. Не учтено: анкерные болты и закладные (к-т КЖ), монтажные болты, сварочные материалы, окраска, панели, лестницы.
A19: 6. Длины сняты по векторной геометрии чертежей (М 1:100) между осями/точками опирания; погрешность ≈ ±0,5 %.
